{
    "model_info": {
        "model_type": 5,
        "model_name": "model.h5",
        "epochs": 15,
        "batch_size": 32,
        "learning_rate": 0.001,
        "optimizer": "Adam",
        "timestamp": "2026-03-17 04:37:12"
    },
    "performance_metrics": {
        "accuracy": 0.7034078807241747,
        "precision": 0.6992481203007519,
        "sensitivity_recall": 0.7015086206896551,
        "specificity": 0.7052631578947368,
        "f1_score": 0.7003765465303927
    },
    "confusion_matrix": {
        "true_negatives": 670,
        "false_positives": 280,
        "false_negatives": 277,
        "true_positives": 651
    },
    "dataset_info": {
        "train_samples": 7508,
        "test_samples": 1878,
        "vocab_size": 23975
    }
}